[{"assetType":"PassmanData","assetObject":{"name":"wm.security.keystore.DEFAULT_IS_KEYSTORE","id":"wm.security.keystore.DEFAULT_IS_KEYSTORE","status":"Success","explanation":"OK","warning":false}},{"assetType":"Keystore","assetObject":{"name":"DEFAULT_IS_KEYSTORE","id":"DEFAULT_IS_KEYSTORE","status":"Success","explanation":"OK","warning":false}},{"assetType":"Alias","assetObject":{"name":"local","id":"local","status":"Success","explanation":"OK","warning":false}},{"assetType":"PassmanData","assetObject":{"name":"wm.security.keystore.DEFAULT_IS_KEYSTORE.ssos","id":"wm.security.keystore.DEFAULT_IS_KEYSTORE.ssos","status":"Success","explanation":"OK","warning":false}}]