[{"assetType":"Policy","assetObject":{"name":"Policy For API bookstore[4.0] Scope [read:books]","id":"1fcb1414-7ffe-4d07-a2f6-a2015ef13831","status":"Success","explanation":"OK","warning":false}},{"assetType":"PolicyAction","assetObject":{"name":"Policy Action [Response Transformation] -> Policy For API bookstore[4.0]","id":"3266c2ec-143e-4e2e-80a3-01829bffccf8","status":"Success","explanation":"OK","warning":false}},{"assetType":"PolicyAction","assetObject":{"name":"Policy Action [Enable HTTP / HTTPS] -> Policy For API bookstore[4.0]","id":"a16a3af5-19ff-49b6-84a4-34876fc70436","status":"Success","explanation":"OK","warning":false}},{"assetType":"PolicyAction","assetObject":{"name":"Policy Action [Traffic Optimization] -> Policy For API bookstore[4.0]","id":"e0507852-f26d-4399-9f49-4642efcece20","status":"Success","explanation":"OK","warning":false}},{"assetType":"Alias","assetObject":{"name":"bookstore_endpoint","id":"13fd991f-4338-48e4-af59-fa56e272b366","status":"Success","explanation":"OK","warning":false}},{"assetType":"PolicyAction","assetObject":{"name":"Policy Action [Identify & Authorize] -> Policy For API bookstore[4.0]","id":"d222be55-6251-49c8-9e44-e1409df3c764","status":"Success","explanation":"OK","warning":false}},{"assetType":"RegisteredApplication","assetObject":{"name":"RegisteredApplication [ Another Bookstore Java Web Client using JWT ]","id":"cf426482-753d-48d0-af42-14ef0316bcd7","status":"Success","explanation":"OK","warning":false}},{"assetType":"PolicyAction","assetObject":{"name":"Policy Action [Straight Through Routing] -> Policy For API bookstore[4.0]","id":"3083b94a-e131-4958-9e03-d151a6934fea","status":"Success","explanation":"OK","warning":false}},{"assetType":"Application","assetObject":{"name":"Another Bookstore Java Web Client using JWT","id":"cf426482-753d-48d0-af42-14ef0316bcd7","status":"Success","explanation":"OK","warning":false}},{"assetType":"API","assetObject":{"name":"bookstore[4.0]","id":"4d1196f2-4b44-4dd5-8fbb-710241e387b2","status":"Success","explanation":"OK","warning":false}},{"assetType":"PassmanData","assetObject":{"name":"API_ACCESS_KEYcf426482-753d-48d0-af42-14ef0316bcd7","id":"API_ACCESS_KEYcf426482-753d-48d0-af42-14ef0316bcd7","status":"Success","explanation":"OK","warning":false}},{"assetType":"Strategy","assetObject":{"name":"Client JWT Auth","id":"13a98da6-03e5-4067-b734-43aa0efaa93a","status":"Success","explanation":"OK","warning":false}},{"assetType":"PolicyAction","assetObject":{"name":"Policy Action [Data Masking] -> Policy For API bookstore[4.0]","id":"9d67def0-1f38-4a23-a238-eeccee1c5652","status":"Success","explanation":"OK","warning":false}},{"assetType":"Policy","assetObject":{"name":"Policy For API bookstore[4.0]","id":"d5ca46a1-8be6-4337-9181-2b1f0fdbee71","status":"Success","explanation":"OK","warning":false}}]