[{"assetType":"Policy","assetObject":{"name":"Policy For API bookstore[1.5]","id":"f974c2bf-818c-4f24-8644-d7c0de495bfa","status":"Success","explanation":"OK","warning":false}},{"assetType":"Alias","assetObject":{"name":"bookstore_endpoint","id":"13fd991f-4338-48e4-af59-fa56e272b366","status":"Success","explanation":"OK","warning":false}},{"assetType":"PolicyAction","assetObject":{"name":"Policy Action [Data Masking] -> Policy For API bookstore[1.5]","id":"037c8f28-ba3b-4c01-a16c-760f35cb2424","status":"Success","explanation":"OK","warning":false}},{"assetType":"PolicyAction","assetObject":{"name":"Policy Action [Traffic Optimization] -> Policy For API bookstore[1.5]","id":"a5f3d93f-94e6-437b-8196-2cab1571b945","status":"Success","explanation":"OK","warning":false}},{"assetType":"RegisteredApplication","assetObject":{"name":"RegisteredApplication [ EmptyRegisteredApplication ]","id":"EmptyRegisteredApplication","status":"Success","explanation":"OK","warning":false}},{"assetType":"PolicyAction","assetObject":{"name":"Policy Action [Enable HTTP / HTTPS] -> Policy For API bookstore[1.5]","id":"f896017d-7b4a-47ee-a2b3-fa755f949713","status":"Success","explanation":"OK","warning":false}},{"assetType":"PolicyAction","assetObject":{"name":"Policy Action [Response Transformation] -> Policy For API bookstore[1.5]","id":"eb36d756-01d9-48f9-beaf-31f1d644e6c3","status":"Success","explanation":"OK","warning":false}},{"assetType":"PolicyAction","assetObject":{"name":"Policy Action [Straight Through Routing] -> Policy For API bookstore[1.5]","id":"afa42404-6bee-40d0-8941-603ee052000a","status":"Success","explanation":"OK","warning":false}},{"assetType":"API","assetObject":{"name":"bookstore[1.5]","id":"cbe2ee7f-4893-49bc-a629-72a3bf547562","status":"Success","explanation":"OK","warning":false}}]