[{"assetType":"Policy","assetObject":{"name":"Policy For API bookstore[2.0]","id":"494f2277-360d-4249-945f-0fe449d25748","status":"Success","explanation":"OK","warning":false}},{"assetType":"API","assetObject":{"name":"bookstore[2.0]","id":"e471867b-72e5-4e65-85e8-1b1c2f43e66e","status":"Success","explanation":"OK","warning":false}},{"assetType":"PassmanData","assetObject":{"name":"API_ACCESS_KEYced9482b-6436-4d73-b624-2677fc655dc3","id":"API_ACCESS_KEYced9482b-6436-4d73-b624-2677fc655dc3","status":"Success","explanation":"OK","warning":false}},{"assetType":"RegisteredApplication","assetObject":{"name":"RegisteredApplication [ Bookstore NodeJS Client App ]","id":"ebbcde2d-b246-4eb7-8911-503bd4db9153","status":"Success","explanation":"OK","warning":false}},{"assetType":"PolicyAction","assetObject":{"name":"Policy Action [Data Masking] -> Policy For API bookstore[2.0]","id":"91579925-3ef1-4826-a4f9-b4d6c2dbbcb2","status":"Success","explanation":"OK","warning":false}},{"assetType":"Alias","assetObject":{"name":"bookstore_endpoint","id":"13fd991f-4338-48e4-af59-fa56e272b366","status":"Success","explanation":"OK","warning":false}},{"assetType":"PolicyAction","assetObject":{"name":"Policy Action [Straight Through Routing] -> Policy For API bookstore[2.0]","id":"5974c047-49ab-484a-bc71-55a1de7e570e","status":"Success","explanation":"OK","warning":false}},{"assetType":"PolicyAction","assetObject":{"name":"Policy Action [Response Transformation] -> Policy For API bookstore[2.0]","id":"096670d2-74ef-46a8-bbf0-2bc3ab3f349a","status":"Success","explanation":"OK","warning":false}},{"assetType":"PassmanData","assetObject":{"name":"API_ACCESS_KEYebbcde2d-b246-4eb7-8911-503bd4db9153","id":"API_ACCESS_KEYebbcde2d-b246-4eb7-8911-503bd4db9153","status":"Success","explanation":"OK","warning":false}},{"assetType":"PolicyAction","assetObject":{"name":"Policy Action [Traffic Optimization] -> Policy For API bookstore[2.0]","id":"c6bb65c7-44f6-4ba9-a1d9-ca03f2d76666","status":"Success","explanation":"OK","warning":false}},{"assetType":"RegisteredApplication","assetObject":{"name":"RegisteredApplication [ Another NodeJS Client App2 ]","id":"ced9482b-6436-4d73-b624-2677fc655dc3","status":"Success","explanation":"OK","warning":false}},{"assetType":"Application","assetObject":{"name":"Another NodeJS Client App2","id":"ced9482b-6436-4d73-b624-2677fc655dc3","status":"Success","explanation":"OK","warning":false}},{"assetType":"PolicyAction","assetObject":{"name":"Policy Action [Identify & Authorize] -> Policy For API bookstore[2.0]","id":"0dd30d68-24ab-40bc-8130-d40b0727e241","status":"Success","explanation":"OK","warning":false}},{"assetType":"PolicyAction","assetObject":{"name":"Policy Action [Enable HTTP / HTTPS] -> Policy For API bookstore[2.0]","id":"6856c60c-2769-40f1-a4f9-9aee7021148a","status":"Success","explanation":"OK","warning":false}},{"assetType":"Application","assetObject":{"name":"Bookstore NodeJS Client App","id":"ebbcde2d-b246-4eb7-8911-503bd4db9153","status":"Success","explanation":"OK","warning":false}}]