[{"assetType":"API","assetObject":{"name":"bookstore[3.0]","id":"fde28980-3867-4e87-b72e-e02bcfce8242","status":"Success","explanation":"OK","warning":false}},{"assetType":"PolicyAction","assetObject":{"name":"Policy Action [Response Transformation] -> Policy For API bookstore[3.0]","id":"3efd35fc-f00c-43af-a01e-ff2b8718d0c1","status":"Success","explanation":"OK","warning":false}},{"assetType":"PolicyAction","assetObject":{"name":"Policy Action [Data Masking] -> Policy For API bookstore[3.0]","id":"168c2c54-4804-432d-9cd9-47a4faa06f4c","status":"Success","explanation":"OK","warning":false}},{"assetType":"Policy","assetObject":{"name":"Policy For API bookstore[3.0]","id":"1d7f3a52-09c4-43e6-83ea-caa753c4f1e5","status":"Success","explanation":"OK","warning":false}},{"assetType":"Policy","assetObject":{"name":"Policy For API bookstore[3.0] Scope [delete:books]","id":"02d0d610-ec70-42f7-8c08-684fc62338e4","status":"Success","explanation":"OK","warning":false}},{"assetType":"PolicyAction","assetObject":{"name":"Policy Action [Straight Through Routing] -> Policy For API bookstore[3.0]","id":"a1bb2791-c662-4468-b67e-5d0a79834b6d","status":"Success","explanation":"OK","warning":false}},{"assetType":"PassmanData","assetObject":{"name":"512f49b5-2adf-4f68-9c05-581f62ffbb7d-clientSecret","id":"512f49b5-2adf-4f68-9c05-581f62ffbb7d-clientSecret","status":"Success","explanation":"OK","warning":false}},{"assetType":"Policy","assetObject":{"name":"Policy For API bookstore[3.0] Scope [read:books]","id":"cd837232-6525-47f9-ad90-8ac49642625c","status":"Success","explanation":"OK","warning":false}},{"assetType":"PolicyAction","assetObject":{"name":"Policy Action [Identify & Authorize] -> Policy For API bookstore[3.0]","id":"12672a67-d1e0-43ca-9099-1a1eded7fc2d","status":"Success","explanation":"OK","warning":false}},{"assetType":"RegisteredApplication","assetObject":{"name":"RegisteredApplication [ Bookstore DotNet Web Client OAuth2 ]","id":"6a9102de-f71c-47d5-b5b8-cdd78728ef46","status":"Success","explanation":"OK","warning":false}},{"assetType":"Policy","assetObject":{"name":"Policy For API bookstore[3.0] Scope [update:books]","id":"cfd23af3-5f1d-40cf-941e-4ae232cf681a","status":"Success","explanation":"OK","warning":false}},{"assetType":"PolicyAction","assetObject":{"name":"Policy Action [Enable HTTP / HTTPS] -> Policy For API bookstore[3.0]","id":"b49f70ad-8554-4a27-aabd-6f7797662fc3","status":"Success","explanation":"OK","warning":false}},{"assetType":"PolicyAction","assetObject":{"name":"Policy Action [Traffic Optimization] -> Policy For API bookstore[3.0]","id":"7af41276-6210-439c-ba3e-d694e06631d5","status":"Success","explanation":"OK","warning":false}},{"assetType":"PassmanData","assetObject":{"name":"API_ACCESS_KEY6a9102de-f71c-47d5-b5b8-cdd78728ef46","id":"API_ACCESS_KEY6a9102de-f71c-47d5-b5b8-cdd78728ef46","status":"Success","explanation":"OK","warning":false}},{"assetType":"Application","assetObject":{"name":"Bookstore DotNet Web Client OAuth2","id":"6a9102de-f71c-47d5-b5b8-cdd78728ef46","status":"Success","explanation":"OK","warning":false}},{"assetType":"Alias","assetObject":{"name":"bookstore_endpoint","id":"13fd991f-4338-48e4-af59-fa56e272b366","status":"Success","explanation":"OK","warning":false}},{"assetType":"Strategy","assetObject":{"name":"Web OAuth2 Auth","id":"ac24681b-60ea-4599-a4a3-8ebe1c7d6c1d","status":"Success","explanation":"OK","warning":false}}]