[{"assetType":"API","assetObject":{"name":"uszip[1.0]","id":"2079b3a8-7a17-4366-9d5c-f9a7b2f93f1f","status":"Success","explanation":"OK","warning":false}},{"assetType":"Policy","assetObject":{"name":"Policy For API uszip[1.0]","id":"f787d2a9-9e30-404a-ad13-0c7ad4aa9c71","status":"Success","explanation":"OK","warning":false}},{"assetType":"PolicyAction","assetObject":{"name":"Policy Action [Enable HTTP / HTTPS] -> Policy For API uszip[1.0]","id":"cda73477-dbf0-4f4c-a069-43768cefc37f","status":"Success","explanation":"OK","warning":false}},{"assetType":"Alias","assetObject":{"name":"uszip_endpoint","id":"98a3b521-c418-4be9-a52c-b8f7b916f5ba","status":"Success","explanation":"OK","warning":false}},{"assetType":"PolicyAction","assetObject":{"name":"Policy Action [Straight Through Routing] -> Policy For API uszip[1.0]","id":"c607535f-c6fb-4d31-a761-adbd481203d0","status":"Success","explanation":"OK","warning":false}}]