[{"assetType":"Policy","assetObject":{"name":"Policy For API bookstore[1.0] Scope [delete]","id":"13c43658-2d32-4ee5-8191-5d831230c3e9","status":"Success","explanation":"OK","warning":false}},{"assetType":"PolicyAction","assetObject":{"name":"Policy Action [Enable HTTP / HTTPS] -> Policy For API bookstore[1.0]","id":"4ec4e166-961e-4740-a8bf-4478d5ad70ea","status":"Success","explanation":"OK","warning":false}},{"assetType":"API","assetObject":{"name":"bookstore[1.0]","id":"538cc9db-d23d-46be-a8ac-3086faff8031","status":"Success","explanation":"OK","warning":false}},{"assetType":"PolicyAction","assetObject":{"name":"Policy Action [Straight Through Routing] -> Policy For API bookstore[1.0]","id":"c3f12708-f3ab-4e3e-9b9a-933f74ab2611","status":"Success","explanation":"OK","warning":false}},{"assetType":"Policy","assetObject":{"name":"Policy For API bookstore[1.0] Scope [write]","id":"e676abfc-c891-403c-9ec4-0559c45a59ee","status":"Success","explanation":"OK","warning":false}},{"assetType":"Alias","assetObject":{"name":"bookstore_endpoint","id":"8d7ee422-252f-46a3-97d1-fff1f3d7a9b6","status":"Success","explanation":"OK","warning":false}},{"assetType":"Policy","assetObject":{"name":"Policy For API bookstore[1.0] Scope [readonly]","id":"005672be-c065-4c9c-8c9f-756f68a51246","status":"Success","explanation":"OK","warning":false}},{"assetType":"Policy","assetObject":{"name":"Policy For API bookstore[1.0]","id":"dd3e9004-3031-4664-ad90-ffde85efe319","status":"Success","explanation":"OK","warning":false}}]